Tenant,Status,DaysRemaining,ExpiresUtc,DisplayName,ObjectType,CredentialType,CredentialName,KeyId,AppId,ObjectId,Owners,OwnerEmails,PortalLink
dd0cfd15-4558-4b12-8bad-ea26984fc417,Expired,-26,10/09/2026 2:18,JSA-NP-POR-APP-JobMatch,AppRegistration,Secret,JSA-NP-POR-APP-JobMatch-Secret,5af6feec-530c-4b69-b9a1-c11ca69e0065,48905e60-2ed5-4f10-9c71-be28303bf45a,1581f244-d199-456f-af91-5b1990a9b729,,,https://portal.azure.com/#view/Microsoft_AAD_RegisteredApps/ApplicationMenuBlade/~/Credentials/appId/48905e60-2ed5-4f10-9c71-be28303bf45a
dd0cfd15-4558-4b12-8bad-ea26984fc417,Expired,-25,11/09/2026 3:16,TSD-PR-INT-Anon-Tip-Off-SharePoint-Integration,AppRegistration,Secret,TSD-PR-INT-Anon-Tip-Off-SharePoint-Integration-Secret,3df91b1b-b998-4d4e-b611-1a600fc9b3de,ab865edf-024a-4bac-8d02-b5e5351bbb15,0f47ea7d-b02f-4a4c-ba7f-a9c46745763b,"ZZ SEARLE,David; ZZ KOK,Ignatius; ZZ PARK,Noah; ZZ CHANDRA,Richard",ds0412_a@dewr.gov.au; ik0043_a@dewr.gov.au; np3018_a@fwo.gov.au,https://portal.azure.com/#view/Microsoft_AAD_RegisteredApps/ApplicationMenuBlade/~/Credentials/appId/ab865edf-024a-4bac-8d02-b5e5351bbb15
dd0cfd15-4558-4b12-8bad-ea26984fc417,Expired,-20,16/09/2026 2:23,DevOps_CORP_INT_NP,AppRegistration,Secret,DevOps_CORP_INT_NP-Secret,023c77e5-c623-44a2-8a2d-c2199fce6289,28d4537c-8c78-4ebc-a60f-83d1b75079e7,6ccc9675-731c-4474-9639-aff9f88b5fec,,,https://portal.azure.com/#view/Microsoft_AAD_RegisteredApps/ApplicationMenuBlade/~/Credentials/appId/28d4537c-8c78-4ebc-a60f-83d1b75079e7
dd0cfd15-4558-4b12-8bad-ea26984fc417,Expired,-20,16/09/2026 2:10,DevOps_CORP_INT_PR,AppRegistration,Secret,DevOps_CORP_INT_PR-Secret,918ed45d-4164-4724-9d13-6caf5ad0427c,360c1f20-ade2-4f85-bea1-5e72b67bed3c,3b8f4755-63bf-4b1b-823f-ecb559d47cd6,,,https://portal.azure.com/#view/Microsoft_AAD_RegisteredApps/ApplicationMenuBlade/~/Credentials/appId/360c1f20-ade2-4f85-bea1-5e72b67bed3c
dd0cfd15-4558-4b12-8bad-ea26984fc417,Expired,-20,16/09/2026 2:34,DSD-NP-INT-DTB-AUEA-CORP,AppRegistration,Secret,DSD-NP-INT-DTB-AUEA-CORP-Secret,d2cdc0f7-368d-4531-ae69-21e605797105,9c1d99ed-58da-453d-8721-743270de5d0e,f6e00374-3430-4cb5-9f75-f222fcf9daf0,,,https://portal.azure.com/#view/Microsoft_AAD_RegisteredApps/ApplicationMenuBlade/~/Credentials/appId/9c1d99ed-58da-453d-8721-743270de5d0e
dd0cfd15-4558-4b12-8bad-ea26984fc417,Expired,-20,16/09/2026 2:30,DSD-PR-INT-DTB-AUEA-CORP,AppRegistration,Secret,DSD-PR-INT-DTB-AUEA-CORP-Secret,0425d0a4-208d-41b1-bd48-6ea78daa2d5c,45710dec-2841-4724-9887-2094601eda9e,cc14b6c8-0e17-4602-877c-c90631817a63,,,https://portal.azure.com/#view/Microsoft_AAD_RegisteredApps/ApplicationMenuBlade/~/Credentials/appId/45710dec-2841-4724-9887-2094601eda9e
dd0cfd15-4558-4b12-8bad-ea26984fc417,Expired,-17,19/09/2026 4:00,DESE-DE-INT-APIM-NESM-DCC,AppRegistration,Secret,DESE-DE-INT-APIM-NESM-DCC-Secret,cfdd058b-63b3-4c56-933a-bcc356a3e773,cdd6f87a-a7b4-4411-b0bb-1d02957051b9,d10bdb49-c76d-43d8-85f6-4ce191aae769,,,https://portal.azure.com/#view/Microsoft_AAD_RegisteredApps/ApplicationMenuBlade/~/Credentials/appId/cdd6f87a-a7b4-4411-b0bb-1d02957051b9
dd0cfd15-4558-4b12-8bad-ea26984fc417,Expired,-16,20/09/2026 5:09,DevOps-SWA-Databricks,AppRegistration,Secret,DevOps-SWA-Databricks-Secret,e478a734-9fb7-45d7-a479-b2d3fc51418a,281b1bdd-6e02-4508-a8ac-db4274e6f257,37b55d87-4c0a-49b6-8b73-f03068c71d06,,,https://portal.azure.com/#view/Microsoft_AAD_RegisteredApps/ApplicationMenuBlade/~/Credentials/appId/281b1bdd-6e02-4508-a8ac-db4274e6f257
dd0cfd15-4558-4b12-8bad-ea26984fc417,Expired,-10,26/09/2026 0:06,FWO-KEYVAULT-DWH,AppRegistration,Secret,FWO-KEYVAULT-DWH-Secret,c91df601-d808-46f4-a976-753650344b84,7dce09d9-2567-4236-8851-224e703d5a08,3060353e-0818-4df7-ba09-ba5cced157fb,,,https://portal.azure.com/#view/Microsoft_AAD_RegisteredApps/ApplicationMenuBlade/~/Credentials/appId/7dce09d9-2567-4236-8851-224e703d5a08
dd0cfd15-4558-4b12-8bad-ea26984fc417,Expired,-7,29/09/2026 23:49,TSD-NP-AZURE-ARC,AppRegistration,Secret,TSD-NP-AZURE-ARC,2e91776c-7ce8-43bc-bd44-8eb9bd599526,16607678-f2de-4064-af55-ecfcf47da9e4,e458b2ca-112b-42ae-8c02-c6f55f334955,,,https://portal.azure.com/#view/Microsoft_AAD_RegisteredApps/ApplicationMenuBlade/~/Credentials/appId/16607678-f2de-4064-af55-ecfcf47da9e4
dd0cfd15-4558-4b12-8bad-ea26984fc417,Expired,-6,30/09/2026 2:06,TSD-PR-AZURE-ARC,AppRegistration,Secret,TSD-PR-AZURE-ARC-Secret,ba19fe11-69e8-46fc-a04a-d41fc8ba75f7,8efd0575-94b3-495a-aa05-b04f5b31a66f,3b26a6cd-a68e-4471-b6aa-c17b788179c8,,,https://portal.azure.com/#view/Microsoft_AAD_RegisteredApps/ApplicationMenuBlade/~/Credentials/appId/8efd0575-94b3-495a-aa05-b04f5b31a66f
dd0cfd15-4558-4b12-8bad-ea26984fc417,Critical,2,8/10/2026 0:21,FWO-PP-INT-RGP-CP-SBAGENT,AppRegistration,Secret,FWO-PP-INT-RGP-CP-SBAGENT-Secret,07a3cc13-569e-4cbf-a409-6cc1377cb332,5ff297d4-9dd0-44e4-b0b1-1ef62a72e98e,b103f74f-e0c1-49b1-92a6-043ca940bfe8,"ZZ ZUBAIR, Omer",oz2500_a@dewr.gov.au,https://portal.azure.com/#view/Microsoft_AAD_RegisteredApps/ApplicationMenuBlade/~/Credentials/appId/5ff297d4-9dd0-44e4-b0b1-1ef62a72e98e
dd0cfd15-4558-4b12-8bad-ea26984fc417,Critical,2,8/10/2026 0:34,FWO-TE-INT-RGP-CP-SBAGENT,AppRegistration,Secret,FWO-TE-INT-RGP-CP-SBAGENT-Secret,effc9f28-e29a-45be-bd77-ee5ca3c2e7e8,59e80557-adda-4d34-9782-009c4b15c89e,fa02f4eb-b9a3-4e0b-94e5-b0a15d1d8c56,"ZZ ZUBAIR, Omer",oz2500_a@dewr.gov.au,https://portal.azure.com/#view/Microsoft_AAD_RegisteredApps/ApplicationMenuBlade/~/Credentials/appId/59e80557-adda-4d34-9782-009c4b15c89e
dd0cfd15-4558-4b12-8bad-ea26984fc417,Critical,3,9/10/2026 0:51,DSD-PR-APP-SAS-Databricks,AppRegistration,Secret,DSD-PR-APP-SAS-Databricks-Secret,e63e1f4e-0d4e-4116-8b04-868f61854c5f,5fcb06c3-081a-4365-acc4-22fec214a19a,ffb06cbd-b043-4588-975a-90a1b8fff8b2,,,https://portal.azure.com/#view/Microsoft_AAD_RegisteredApps/ApplicationMenuBlade/~/Credentials/appId/5fcb06c3-081a-4365-acc4-22fec214a19a
dd0cfd15-4558-4b12-8bad-ea26984fc417,Critical,4,10/10/2026 0:08,DSD-PR-INT-DTB-AUEA-ECEC-EXP,AppRegistration,Secret,DSD-PR-INT-DTB-AUEA-ECEC-EXP-Secret,86509f91-5e90-4d4b-9bd3-dcfe736b27ea,c07aaeef-2e00-4d6c-be2b-05fc90b2e9d4,f1f4e658-d641-42a7-9542-7dfb725270b9,,,https://portal.azure.com/#view/Microsoft_AAD_RegisteredApps/ApplicationMenuBlade/~/Credentials/appId/c07aaeef-2e00-4d6c-be2b-05fc90b2e9d4
dd0cfd15-4558-4b12-8bad-ea26984fc417,Critical,4,10/10/2026 0:07,DSD-PR-INT-DTB-AUEA-NCI-EXP,AppRegistration,Secret,DSD-PR-INT-DTB-AUEA-NCI-EXP-Secret,a99fec53-58a2-4d9f-a53e-a0f755771765,8a8c48c5-2468-4a8c-ab89-ceecee335441,20c2cd17-16ca-499d-aaf9-c89fd71e28c7,,,https://portal.azure.com/#view/Microsoft_AAD_RegisteredApps/ApplicationMenuBlade/~/Credentials/appId/8a8c48c5-2468-4a8c-ab89-ceecee335441
dd0cfd15-4558-4b12-8bad-ea26984fc417,Critical,4,10/10/2026 0:23,DSD-UAT-D365-ECCC-CCS-HD-DevOps,AppRegistration,Secret,DSD-UAT-D365-ECCC-CCS-HD-DevOps-Secret,71932dc2-1b6f-4bbc-a8ca-2fc503d8711f,a356c646-b8b9-4967-8ac6-4d554a26707f,9ed87132-264f-40b8-aebb-fc1daf033acf,,,https://portal.azure.com/#view/Microsoft_AAD_RegisteredApps/ApplicationMenuBlade/~/Credentials/appId/a356c646-b8b9-4967-8ac6-4d554a26707f
dd0cfd15-4558-4b12-8bad-ea26984fc417,Warning,8,14/10/2026 6:08,APP_D365_FWO_ART_CICD_NP,AppRegistration,Secret,APP_D365_FWO_ART_CICD_NP_Secret,6103f9d3-fce2-4658-9e6d-c88df7a64e72,a6a66595-14c9-4494-8a38-95ee49a54a91,dbd8b2e2-79cc-4b1a-a3cd-a53b9dd7aa9e,,,https://portal.azure.com/#view/Microsoft_AAD_RegisteredApps/ApplicationMenuBlade/~/Credentials/appId/a6a66595-14c9-4494-8a38-95ee49a54a91
dd0cfd15-4558-4b12-8bad-ea26984fc417,Warning,8,14/10/2026 6:07,APP_D365_FWO_ART_PA,AppRegistration,Secret,APP_D365_FWO_ART_PA_Secret,b9c93912-c741-495a-bde0-f94c7656d79f,b9faf28e-0dd7-4bfb-bad3-6aa18d2fe877,bdf77ed2-172c-4de5-b7b0-1f629b0392b0,,,https://portal.azure.com/#view/Microsoft_AAD_RegisteredApps/ApplicationMenuBlade/~/Credentials/appId/b9faf28e-0dd7-4bfb-bad3-6aa18d2fe877
dd0cfd15-4558-4b12-8bad-ea26984fc417,Warning,8,14/10/2026 5:40,DEWR-PR-EXT-APPPBIEMBD-NTR,AppRegistration,Secret,DEWR-PR-EXT-APPPBIEMBD-NTR PowerBI Secret,856c80cf-bf3f-463e-a5af-d58702792c1d,3a3774a9-0758-4015-947d-2eacd23ec40b,091fc224-ac15-412d-9f95-50f22c2d4621,,,https://portal.azure.com/#view/Microsoft_AAD_RegisteredApps/ApplicationMenuBlade/~/Credentials/appId/3a3774a9-0758-4015-947d-2eacd23ec40b
dd0cfd15-4558-4b12-8bad-ea26984fc417,Warning,8,14/10/2026 7:58,Portals-DEWR-PALMIS-DevINT,AppRegistration,Certificate,CN=80a0ee5d-1d0d-466c-bad7-d614c45278fb,ca826ec8-2446-4150-97a9-3614075fcb80,d0ed717e-eb77-474c-8eb8-b0e95fc31911,e6126d6d-c304-4a6b-b803-c04db476e63c,"ZZ TALWAR, Singh; ZZ VLAAR,Jeffrey",jeffrey.vlaar2@dewr.gov.au; singh.talwar2@dewr.gov.au,https://portal.azure.com/#view/Microsoft_AAD_RegisteredApps/ApplicationMenuBlade/~/Credentials/appId/d0ed717e-eb77-474c-8eb8-b0e95fc31911
dd0cfd15-4558-4b12-8bad-ea26984fc417,Warning,8,14/10/2026 7:58,Portals-DEWR-PLF-PALMIS-TEST,AppRegistration,Certificate,CN=dcba22cb-6d02-4edf-b265-6beb6d34e2e0,5f44b438-ad44-47dd-badd-2ea4a38014a4,371f16e5-dbfb-47da-b88b-d1363331604e,8684105f-9cd3-4c07-8f4e-47e9d0859d62,"ZZ TALWAR, Singh; ZZ VLAAR,Jeffrey",jeffrey.vlaar2@dewr.gov.au; singh.talwar2@dewr.gov.au,https://portal.azure.com/#view/Microsoft_AAD_RegisteredApps/ApplicationMenuBlade/~/Credentials/appId/371f16e5-dbfb-47da-b88b-d1363331604e
dd0cfd15-4558-4b12-8bad-ea26984fc417,Warning,9,15/10/2026 0:11,APP_D365_FWO_TRACE_CICD_NP,AppRegistration,Secret,APP-D365-FWO-TRACE-CICD-NP-Secret,6b4bb747-b21c-4b6b-987c-f9a69d0c8111,e95878f9-e154-42f4-9321-25507623c55f,b85eb9ec-355d-498e-979d-a1c63ad4da04,,,https://portal.azure.com/#view/Microsoft_AAD_RegisteredApps/ApplicationMenuBlade/~/Credentials/appId/e95878f9-e154-42f4-9321-25507623c55f
dd0cfd15-4558-4b12-8bad-ea26984fc417,Warning,9,15/10/2026 0:09,APP_D365_FWO_TRACE_PA_NP,AppRegistration,Secret,APP-D365-FWO-TRACE-PA-NP-Secret,935d8fe5-22d8-4b2a-b1c1-1b1c9b70ddfd,dc7b852f-b10e-49fd-a798-0aee935dd20b,d1260394-940e-464f-8d97-094fbdeb6963,,,https://portal.azure.com/#view/Microsoft_AAD_RegisteredApps/ApplicationMenuBlade/~/Credentials/appId/dc7b852f-b10e-49fd-a798-0aee935dd20b
dd0cfd15-4558-4b12-8bad-ea26984fc417,Warning,9,15/10/2026 4:04,FWO-DE-INT-DWH-ART,AppRegistration,Secret,FWO-DE-INT-DWH-ART-Secret,9d8e7091-5b56-4f31-bf52-a2f9dc955aee,f8031e5c-ee08-4f09-99f4-a7583acfecf7,54cb0408-e0b0-43ca-90ce-4ba07718e03d,,,https://portal.azure.com/#view/Microsoft_AAD_RegisteredApps/ApplicationMenuBlade/~/Credentials/appId/f8031e5c-ee08-4f09-99f4-a7583acfecf7
dd0cfd15-4558-4b12-8bad-ea26984fc417,Warning,9,15/10/2026 4:06,FWO-PP-INT-DWH-ART,AppRegistration,Secret,FWO-PP-INT-DWH-ART-Secret,01352389-bb6d-4486-8db5-d6ff41e2d7b2,3159ac94-0381-4962-9650-c304e1ceb36f,835b669f-d41f-4cff-a995-9d8415e318a9,,,https://portal.azure.com/#view/Microsoft_AAD_RegisteredApps/ApplicationMenuBlade/~/Credentials/appId/3159ac94-0381-4962-9650-c304e1ceb36f
dd0cfd15-4558-4b12-8bad-ea26984fc417,Warning,9,15/10/2026 4:07,FWO-PR-INT-DWH-ART,AppRegistration,Secret,FWO-PR-INT-DWH-ART-Secret,6d36c2b5-5457-4c68-a0cd-5eee5312f408,9710d5a5-2890-4fea-b06f-cb64ae66faa3,d4ca30b9-9c73-4e5b-8633-50c12e9583aa,,,https://portal.azure.com/#view/Microsoft_AAD_RegisteredApps/ApplicationMenuBlade/~/Credentials/appId/9710d5a5-2890-4fea-b06f-cb64ae66faa3
dd0cfd15-4558-4b12-8bad-ea26984fc417,Warning,9,15/10/2026 4:05,FWO-TE-INT-DWH-ART,AppRegistration,Secret,FWO-TE-INT-DWH-ART-Secret,ffc4e0cc-c731-44bd-b8ba-84dfeec0bd48,1557af06-7312-4914-97b7-60601a6ab75b,ac03939c-6812-428d-8210-918205f86c18,,,https://portal.azure.com/#view/Microsoft_AAD_RegisteredApps/ApplicationMenuBlade/~/Credentials/appId/1557af06-7312-4914-97b7-60601a6ab75b
dd0cfd15-4558-4b12-8bad-ea26984fc417,Warning,9,15/10/2026 23:56,TSD-PR-PRISMA-AUTOMATION,AppRegistration,Secret,TSD-PR-PRISMA-AUTOMATION-Secret,00db911c-7f15-46ce-9c92-b8b35cd63169,9fb3b707-eabb-480b-93a8-c2bac32b8d94,6cd5b0f3-9e6e-4b25-b6e1-4bea3b87cdac,,,https://portal.azure.com/#view/Microsoft_AAD_RegisteredApps/ApplicationMenuBlade/~/Credentials/appId/9fb3b707-eabb-480b-93a8-c2bac32b8d94
dd0cfd15-4558-4b12-8bad-ea26984fc417,Warning,11,17/10/2026 2:21,ASQA-DE-SharePoint-CMS,AppRegistration,Secret,ASQA-DE-SharePoint-CMS-Secret,439682d5-3533-4693-9939-125fd47f6d87,0ed38d7c-20b4-41ee-a851-41ded3076a5c,1eef5ad9-0ced-45d4-bb9d-eca01186ea00,,,https://portal.azure.com/#view/Microsoft_AAD_RegisteredApps/ApplicationMenuBlade/~/Credentials/appId/0ed38d7c-20b4-41ee-a851-41ded3076a5c
dd0cfd15-4558-4b12-8bad-ea26984fc417,Warning,14,20/10/2026 13:00,DESE-PR-D365-NESM-DCC-DataAnalytics,AppRegistration,Secret,DESE-PR-D365-NESM-DCC-DataAnalytics-Secret,bbc2cdeb-d020-49bd-9e47-1edb6e5abbd8,36394f31-ee51-4a24-8db5-ee2eba3b59ab,10c019c4-cfd8-4be6-af86-4e958ad5c383,,,https://portal.azure.com/#view/Microsoft_AAD_RegisteredApps/ApplicationMenuBlade/~/Credentials/appId/36394f31-ee51-4a24-8db5-ee2eba3b59ab
dd0cfd15-4558-4b12-8bad-ea26984fc417,Warning,17,23/10/2026 6:20,DSD-NP-INT-DAP-EFS-EDT,AppRegistration,Secret,DSD-NP-INT-DAP-EFS-EDT-Secret,7da15ca7-bb1f-44a0-8323-bd7554dbf318,76f5e0cb-fffc-4080-bfba-f79c0c5f358a,d9f310a7-496c-4ab5-ab81-8579cc853d4f,,,https://portal.azure.com/#view/Microsoft_AAD_RegisteredApps/ApplicationMenuBlade/~/Credentials/appId/76f5e0cb-fffc-4080-bfba-f79c0c5f358a
dd0cfd15-4558-4b12-8bad-ea26984fc417,Warning,17,23/10/2026 4:03,DSD-PR-D365-ECCC-CCS-HD-DevOps,AppRegistration,Secret,DSD-PR-D365-ECCC-CCS-HD-DevOps-Secret,e256bd16-81d6-4e4f-9b6e-0b103145c5bb,d1c914ba-cdbd-42a8-967d-5fe465db4baa,3915665c-f3f6-4932-8f29-e65a7126320a,,,https://portal.azure.com/#view/Microsoft_AAD_RegisteredApps/ApplicationMenuBlade/~/Credentials/appId/d1c914ba-cdbd-42a8-967d-5fe465db4baa
dd0cfd15-4558-4b12-8bad-ea26984fc417,Warning,17,23/10/2026 4:05,DSD-TR-D365-ECCC-CCS-HD-DevOps,AppRegistration,Secret,DSD-TR-D365-ECCC-CCS-HD-DevOps-Secret,459bd460-c68e-4902-9fc9-783b7dcbfebc,8abb3dbe-b3f1-45b0-9144-b8cdf15a6de6,e3437ec8-738b-4390-b304-203c5b86db24,,,https://portal.azure.com/#view/Microsoft_AAD_RegisteredApps/ApplicationMenuBlade/~/Credentials/appId/8abb3dbe-b3f1-45b0-9144-b8cdf15a6de6
dd0cfd15-4558-4b12-8bad-ea26984fc417,Warning,17,23/10/2026 2:20,PR-INT-TSD-Openshift,AppRegistration,Secret,Password uploaded on Wed Oct 23 2024,7bdfe2b1-39a7-4dad-99bf-1a4a3166d743,8040214c-6e63-4836-bc99-6ede7f01c07d,f45bb0c2-3310-4b05-9c5d-2d62c478a82f,,,https://portal.azure.com/#view/Microsoft_AAD_RegisteredApps/ApplicationMenuBlade/~/Credentials/appId/8040214c-6e63-4836-bc99-6ede7f01c07d
dd0cfd15-4558-4b12-8bad-ea26984fc417,Warning,17,23/10/2026 23:46,Secret Server Remote Password Changing (RPC),AppRegistration,Secret,SecretServerRemotePasswordChanging,acd445b5-6df5-4edc-8979-4d5a5fb829cf,c1c63f4a-c35b-4280-b171-1c3f9ec463ff,0600da54-9078-449e-b653-e3d6b0b466cc,,,https://portal.azure.com/#view/Microsoft_AAD_RegisteredApps/ApplicationMenuBlade/~/Credentials/appId/c1c63f4a-c35b-4280-b171-1c3f9ec463ff
dd0cfd15-4558-4b12-8bad-ea26984fc417,Warning,18,24/10/2026 2:22,Portals-DEWR-OFSC-STAR-FSC,AppRegistration,Certificate,CN=8155ceb0-fd23-4967-b0f8-ee6ca2ed6a35,b3982c93-31d9-42f5-b7c0-b967f150da78,74d37f01-febb-447d-9e47-5696a900850e,143e6b6b-4a43-447f-90da-5c56afa5db31,"ZZ TALWAR, Singh; ZZ VLAAR,Jeffrey",jeffrey.vlaar2@dewr.gov.au; singh.talwar2@dewr.gov.au,https://portal.azure.com/#view/Microsoft_AAD_RegisteredApps/ApplicationMenuBlade/~/Credentials/appId/74d37f01-febb-447d-9e47-5696a900850e
dd0cfd15-4558-4b12-8bad-ea26984fc417,Warning,18,24/10/2026 0:07,Portals-DEWR-OFSC-STAR-FSO,AppRegistration,Certificate,CN=a0e79028-8790-4361-8c7a-94ff2deee0ff,f5f7605f-bb23-4b39-9bda-acfd149592b3,bbb32f1e-666c-48ad-90a6-72bcd784fa41,70f03d98-707b-4334-bc3f-ffea87119518,"ZZ TALWAR, Singh; ZZ VLAAR,Jeffrey",jeffrey.vlaar2@dewr.gov.au; singh.talwar2@dewr.gov.au,https://portal.azure.com/#view/Microsoft_AAD_RegisteredApps/ApplicationMenuBlade/~/Credentials/appId/bbb32f1e-666c-48ad-90a6-72bcd784fa41
dd0cfd15-4558-4b12-8bad-ea26984fc417,Warning,18,24/10/2026 3:55,ThousandEyes,EnterpriseApp,Secret,CN=Microsoft Azure Federated SSO Certificate,86cc76c7-86f6-48d7-ad4e-88b4e8bc14bc,957fa3e6-6d76-4c4c-916d-720a6d4e6406,1ba9282d-6ab2-4886-a871-9fe07f9104a5,,,https://portal.azure.com/#view/Microsoft_AAD_IAM/ManagedAppMenuBlade/~/Overview/objectId/1ba9282d-6ab2-4886-a871-9fe07f9104a5/appId/957fa3e6-6d76-4c4c-916d-720a6d4e6406
dd0cfd15-4558-4b12-8bad-ea26984fc417,Warning,18,24/10/2026 3:55,ThousandEyes,EnterpriseApp,Certificate,CN=Microsoft Azure Federated SSO Certificate,86cc76c7-86f6-48d7-ad4e-88b4e8bc14bc,957fa3e6-6d76-4c4c-916d-720a6d4e6406,1ba9282d-6ab2-4886-a871-9fe07f9104a5,,,https://portal.azure.com/#view/Microsoft_AAD_IAM/ManagedAppMenuBlade/~/Overview/objectId/1ba9282d-6ab2-4886-a871-9fe07f9104a5/appId/957fa3e6-6d76-4c4c-916d-720a6d4e6406
dd0cfd15-4558-4b12-8bad-ea26984fc417,Warning,22,28/10/2026 0:51,DSD-PR-INT-DTB-HED-WA,AppRegistration,Secret,DSD-PR-INT-DTB-HED-WA-Secret,4c3b285c-2121-4647-8954-7161a7dececc,2f202d84-acc6-4718-905e-870fe0cd1c07,3cf49d07-58e7-4290-877e-caf402b1b4e2,,,https://portal.azure.com/#view/Microsoft_AAD_RegisteredApps/ApplicationMenuBlade/~/Credentials/appId/2f202d84-acc6-4718-905e-870fe0cd1c07
dd0cfd15-4558-4b12-8bad-ea26984fc417,Warning,24,30/10/2026 1:50,TSD-NP-INT-HCEAutomation,AppRegistration,Secret,TSD-NP-INT-HCEAutomation-Secret,9a71170d-226f-4149-87a7-797bdb97dc19,7de641be-53f3-45c4-96f0-2db40360eb6a,fa16bc88-2f35-4b27-83e3-e8f4e56a4f44,,,https://portal.azure.com/#view/Microsoft_AAD_RegisteredApps/ApplicationMenuBlade/~/Credentials/appId/7de641be-53f3-45c4-96f0-2db40360eb6a
dd0cfd15-4558-4b12-8bad-ea26984fc417,Warning,24,30/10/2026 1:44,TSD-PR-INT-HCEAutomation,AppRegistration,Secret,TSD-PR-INT-HCEAutomation-Secret,c1b9595c-ae93-4859-8c27-3898995889e5,5eb74ba2-9632-459e-8c98-11d202f44c3d,c70ac9dc-98a5-4c2c-8318-115fac235755,,,https://portal.azure.com/#view/Microsoft_AAD_RegisteredApps/ApplicationMenuBlade/~/Credentials/appId/5eb74ba2-9632-459e-8c98-11d202f44c3d
dd0cfd15-4558-4b12-8bad-ea26984fc417,Warning,29,4/11/2026 21:12,DESD-NP-INT-SKILLSELECT,AppRegistration,Certificate,"CN=DESD-NP-INT-SKILLSELECT, OU=ITSecurity, O=Department of Employment and Workplace Relati",9236354e-de75-471e-81b2-e434c062dc0d,aa18b8f0-46b1-4dae-bcc6-60fa98b42ede,6eb84de2-9999-466a-857c-b1d9b4b4996b,,,https://portal.azure.com/#view/Microsoft_AAD_RegisteredApps/ApplicationMenuBlade/~/Credentials/appId/aa18b8f0-46b1-4dae-bcc6-60fa98b42ede
dd0cfd15-4558-4b12-8bad-ea26984fc417,Warning,30,5/11/2026 0:33,EDU-DE-POR-ReportingPortal,AppRegistration,Secret,EDU-DE-POR-ReportingPortal-Secret,2a6255c7-d11f-4ca0-a137-83fa9246ad99,821ffb5d-bc7f-4735-be60-c81a26d45967,09995126-3e77-4770-a1d5-5a69e7097d7b,"ZZ SONG,Grace; ZZ PARAMESWARAN,Arun",,https://portal.azure.com/#view/Microsoft_AAD_RegisteredApps/ApplicationMenuBlade/~/Credentials/appId/821ffb5d-bc7f-4735-be60-c81a26d45967
dd0cfd15-4558-4b12-8bad-ea26984fc417,Warning,30,5/11/2026 1:30,OAIC-UAT-CDR-EMAIL-INTG,AppRegistration,Secret,OAIC-UAT-CDR-EMAIL-INTG-Secret,2f32c1de-bece-4061-bb06-17ae5fbc52e4,58e1ffaa-8ddc-42fd-bd69-f918f87d6a93,5b3ec1bd-5939-4e07-a0b7-99a9325f099c,"MCINERNEY,Paul (DEPARTED); BARTON,Luke",luke.barton@dewr.gov.au; paul.mcinerney@dewr.gov.au,https://portal.azure.com/#view/Microsoft_AAD_RegisteredApps/ApplicationMenuBlade/~/Credentials/appId/58e1ffaa-8ddc-42fd-bd69-f918f87d6a93
